amfi_code,tracking_error
148567,0.1896636779215802
120505,0.2319675096004632
120843,0.20642496841144062
100033,0.22869942052083106
120504,0.1915870037972257
